id,customer_name,product,quantity,price,date,region
1,Diana Garcia,Speaker,8,104.60,2024-09-08,North
2,Bob Miller,Tablet,4,555.57,2024-09-25,West
3,Charlie Miller,Tablet,4,46.68,2024-03-14,East
4,John Davis,Laptop,2,86.11,2024-05-11,North
5,Charlie Miller,Headphones,2,334.57,2024-06-03,North
6,Charlie Johnson,Keyboard,8,350.72,2024-01-26,South
7,Frank Brown,Phone,5,13.86,2024-12-16,West
8,Jane Miller,Speaker,7,341.14,2024-05-19,West
9,Diana Jones,Monitor,4,941.38,2024-01-25,West
10,Bob Johnson,Headphones,5,288.17,2024-10-26,North
11,Bob Garcia,Keyboard,2,631.02,2024-08-22,South
12,Charlie Miller,Headphones,5,924.72,2024-04-12,South
13,Frank Jones,Headphones,10,257.41,2024-12-28,Central
14,Diana Johnson,Tablet,2,871.93,2024-03-15,West
15,Eve Miller,Laptop,10,904.76,2024-01-03,Central
16,Eve Johnson,Headphones,10,655.97,2024-09-02,North
17,Diana Smith,Mouse,10,728.41,2024-12-26,Central
18,Diana Miller,Tablet,9,893.83,2024-02-16,East
19,Diana Smith,Mouse,8,661.42,2024-01-25,North
20,Alice Garcia,Headphones,10,987.11,2024-01-03,North
21,Diana Garcia,Keyboard,2,993.72,2024-07-09,East
22,Frank Smith,Phone,2,218.93,2024-02-27,Central
23,Eve Jones,Mouse,6,683.99,2024-07-08,Central
24,Frank Davis,Monitor,2,53.12,2024-03-25,South
25,Alice Johnson,Speaker,7,930.05,2024-01-21,West
26,Frank Davis,Monitor,4,477.49,2024-05-09,East
27,Charlie Brown,Phone,10,839.15,2024-05-16,West
28,Bob Miller,Monitor,4,985.22,2024-05-19,West
29,Jane Williams,Keyboard,3,970.41,2024-12-16,East
30,Alice Jones,Keyboard,8,358.49,2024-06-12,North
31,John Johnson,Mouse,8,827.78,2024-08-13,Central
32,Alice Williams,Keyboard,4,119.02,2024-05-08,South
33,Alice Williams,Keyboard,2,272.85,2024-11-14,Central
34,Frank Miller,Phone,2,695.33,2024-02-23,North
35,Eve Johnson,Phone,5,700.35,2024-11-07,South
36,John Brown,Laptop,6,482.67,2024-12-24,South
37,Bob Johnson,Monitor,7,241.22,2024-05-12,West
38,Alice Jones,Phone,7,526.30,2024-11-26,Central
39,Bob Williams,Headphones,3,497.57,2024-07-08,Central
40,Diana Jones,Tablet,8,955.26,2024-05-01,Central
41,Diana Jones,Speaker,10,223.75,2024-03-12,West
42,Charlie Smith,Mouse,2,354.86,2024-03-10,East
43,Frank Miller,Mouse,10,78.54,2024-05-21,North
44,Eve Williams,Monitor,4,388.53,2024-11-08,South
45,Charlie Johnson,Headphones,6,722.65,2024-11-13,South
46,Frank Brown,Monitor,9,242.97,2024-08-26,South
47,Jane Brown,Mouse,5,333.86,2024-08-07,North
48,John Miller,Speaker,4,808.71,2024-02-13,North
49,Jane Davis,Headphones,3,944.87,2024-10-17,North
50,John Miller,Mouse,9,168.91,2024-06-13,West
51,Charlie Jones,Headphones,8,375.10,2024-09-23,South
52,Alice Brown,Speaker,10,304.47,2024-08-28,South
53,Frank Miller,Speaker,7,423.39,2024-02-04,West
54,Eve Garcia,Speaker,9,372.89,2024-09-19,East
55,Eve Williams,Mouse,8,822.02,2024-01-08,Central
56,Alice Jones,Monitor,1,11.46,2024-06-22,North
57,Jane Garcia,Phone,8,679.89,2024-06-03,East
58,Jane Miller,Phone,3,399.29,2024-03-26,East
59,Jane Brown,Headphones,5,499.66,2024-05-26,West
60,Charlie Garcia,Phone,8,689.91,2024-06-02,North
61,Bob Garcia,Phone,5,986.97,2024-10-17,South
62,Eve Davis,Phone,7,381.91,2024-04-23,South
63,Diana Jones,Headphones,1,900.84,2024-12-28,Central
64,John Brown,Keyboard,2,769.06,2024-11-13,West
65,Jane Jones,Mouse,9,808.44,2024-05-22,North
66,Diana Brown,Tablet,2,261.47,2024-05-27,South
67,Charlie Johnson,Keyboard,1,959.00,2024-01-08,West
68,Bob Jones,Keyboard,1,964.31,2024-02-05,East
69,Eve Davis,Speaker,9,367.71,2024-12-25,Central
70,John Smith,Keyboard,8,843.90,2024-11-15,North
71,Jane Miller,Keyboard,2,796.44,2024-02-24,East
72,Jane Jones,Phone,8,746.24,2024-03-15,South
73,Jane Brown,Speaker,4,574.92,2024-12-17,South
74,Eve Smith,Keyboard,3,816.41,2024-07-04,East
75,Bob Davis,Phone,8,390.63,2024-11-05,Central
76,Jane Garcia,Laptop,6,38.33,2024-08-08,North
77,Jane Williams,Phone,6,806.17,2024-01-06,Central
78,Eve Jones,Headphones,10,397.78,2024-12-27,West
79,Diana Miller,Mouse,2,522.93,2024-11-04,East
80,Frank Brown,Tablet,3,299.69,2024-10-20,Central
81,Eve Miller,Headphones,1,215.37,2024-10-21,South
82,John Johnson,Speaker,1,379.07,2024-05-06,South
83,Diana Johnson,Mouse,8,531.12,2024-10-06,South
84,Bob Brown,Headphones,8,518.60,2024-09-04,South
85,Frank Brown,Headphones,9,925.95,2024-10-27,South
86,Diana Williams,Monitor,3,181.79,2024-02-19,West
87,Eve Jones,Headphones,5,866.43,2024-03-22,North
88,John Davis,Tablet,10,249.04,2024-12-07,South
89,Jane Williams,Tablet,5,152.84,2024-07-28,South
90,Alice Johnson,Headphones,6,582.24,2024-05-12,East
91,Charlie Smith,Tablet,7,470.14,2024-12-08,South
92,Frank Smith,Laptop,6,990.96,2024-08-19,West
93,Charlie Miller,Mouse,5,369.55,2024-06-14,South
94,Diana Brown,Mouse,9,631.51,2024-12-03,South
95,Jane Williams,Headphones,6,910.18,2024-08-14,West
96,Diana Miller,Speaker,2,571.21,2024-11-12,North
97,Jane Davis,Keyboard,1,954.99,2024-08-01,Central
98,Diana Williams,Headphones,7,176.32,2024-08-16,East
99,Diana Davis,Speaker,6,196.87,2024-05-06,Central
100,Frank Brown,Phone,2,916.87,2024-11-19,Central
101,Frank Smith,Tablet,2,671.09,2024-04-05,North
102,Diana Johnson,Monitor,3,132.25,2024-02-21,West
103,Eve Miller,Headphones,8,235.45,2024-04-20,East
104,Charlie Smith,Speaker,9,594.41,2024-02-08,Central
105,Frank Brown,Speaker,5,819.19,2024-12-23,Central
106,Charlie Jones,Headphones,9,453.35,2024-01-07,West
107,Charlie Johnson,Keyboard,7,62.88,2024-07-13,North
108,Bob Brown,Phone,4,956.27,2024-11-10,Central
109,Jane Williams,Laptop,7,779.10,2024-12-01,East
110,Bob Jones,Monitor,10,63.59,2024-08-01,South
111,Bob Smith,Speaker,10,675.53,2024-09-27,North
112,Alice Smith,Monitor,10,816.80,2024-08-08,West
113,Diana Williams,Monitor,8,942.87,2024-01-07,North
114,Bob Garcia,Phone,6,400.36,2024-03-15,North
115,Diana Smith,Headphones,4,449.50,2024-01-12,South
116,Bob Williams,Keyboard,2,301.08,2024-08-13,South
117,Charlie Smith,Phone,9,604.88,2024-05-02,North
118,Jane Garcia,Laptop,9,945.15,2024-09-24,North
119,Frank Davis,Keyboard,8,499.52,2024-02-21,West
120,John Smith,Laptop,7,453.20,2024-08-27,West
121,Diana Brown,Mouse,3,877.08,2024-12-12,East
122,Alice Davis,Keyboard,9,221.93,2024-12-17,North
123,Charlie Miller,Laptop,6,746.57,2024-05-07,West
124,Jane Davis,Phone,6,802.61,2024-04-28,South
125,Frank Smith,Monitor,1,267.67,2024-03-06,Central
126,Eve Davis,Mouse,4,249.94,2024-04-13,East
127,Diana Smith,Headphones,7,112.45,2024-05-20,West
128,Bob Brown,Laptop,7,72.42,2024-12-05,North
129,Eve Garcia,Tablet,4,661.66,2024-04-01,North
130,Frank Garcia,Headphones,7,594.05,2024-03-06,North
131,John Brown,Laptop,2,142.77,2024-08-25,East
132,Eve Brown,Speaker,6,756.11,2024-01-18,North
133,Jane Johnson,Phone,6,134.36,2024-03-03,West
134,Frank Garcia,Tablet,7,895.83,2024-01-02,Central
135,Jane Williams,Speaker,7,422.46,2024-10-27,East
136,Jane Jones,Monitor,7,465.13,2024-02-11,East
137,Jane Garcia,Keyboard,4,955.88,2024-07-01,Central
138,Alice Johnson,Mouse,9,539.11,2024-04-24,South
139,Charlie Garcia,Monitor,8,966.28,2024-02-05,East
140,Alice Smith,Monitor,6,514.57,2024-11-03,West
141,Eve Brown,Mouse,2,517.31,2024-01-06,Central
142,Bob Brown,Headphones,9,407.69,2024-10-10,East
143,Diana Williams,Monitor,1,331.67,2024-05-22,South
144,Eve Johnson,Keyboard,10,645.94,2024-12-14,South
145,Alice Johnson,Headphones,6,718.41,2024-01-19,Central
146,John Brown,Tablet,9,460.11,2024-03-28,East
147,Bob Miller,Tablet,2,697.80,2024-07-08,Central
148,Alice Garcia,Laptop,2,703.62,2024-04-04,Central
149,Eve Johnson,Headphones,10,420.94,2024-06-03,West
150,Charlie Johnson,Mouse,3,246.12,2024-12-17,Central
151,Bob Davis,Phone,6,553.74,2024-09-16,North
152,Frank Davis,Speaker,4,197.59,2024-05-25,South
153,Diana Smith,Tablet,4,78.69,2024-02-10,South
154,Bob Davis,Tablet,3,671.52,2024-08-11,South
155,Eve Davis,Tablet,8,339.29,2024-12-17,Central
156,Jane Smith,Mouse,5,166.97,2024-07-06,North
157,Charlie Smith,Phone,6,812.81,2024-12-13,South
158,Eve Miller,Keyboard,3,401.46,2024-02-22,West
159,John Williams,Speaker,2,539.51,2024-09-17,West
160,Charlie Johnson,Headphones,7,807.63,2024-08-25,East
161,Eve Brown,Speaker,2,831.16,2024-05-03,Central
162,Bob Jones,Speaker,5,434.69,2024-02-19,Central
163,Bob Jones,Laptop,4,803.42,2024-11-08,Central
164,Frank Williams,Laptop,3,198.94,2024-01-19,West
165,Eve Brown,Phone,2,246.15,2024-07-26,West
166,Bob Davis,Headphones,8,237.78,2024-10-22,East
167,John Smith,Headphones,6,655.21,2024-06-05,Central
168,Frank Davis,Keyboard,2,937.11,2024-11-13,Central
169,Bob Garcia,Mouse,6,824.74,2024-06-19,South
170,Jane Garcia,Tablet,10,820.34,2024-06-08,North
171,Eve Brown,Monitor,1,722.36,2024-12-03,Central
172,Frank Smith,Mouse,9,177.02,2024-09-05,South
173,Bob Miller,Phone,1,548.35,2024-01-13,Central
174,Charlie Davis,Laptop,2,562.54,2024-10-08,East
175,Eve Miller,Tablet,6,947.44,2024-09-04,South
176,Alice Williams,Tablet,2,994.99,2024-08-24,South
177,Bob Davis,Mouse,1,206.78,2024-07-23,East
178,Eve Jones,Monitor,1,626.88,2024-02-25,Central
179,Alice Williams,Headphones,6,899.49,2024-04-23,South
180,Eve Williams,Speaker,3,968.88,2024-08-10,South
181,Alice Davis,Headphones,5,936.67,2024-07-24,North
182,John Garcia,Tablet,3,551.98,2024-11-26,West
183,John Garcia,Tablet,1,29.47,2024-06-21,West
184,Diana Davis,Tablet,6,802.28,2024-05-02,West
185,Jane Jones,Mouse,6,732.87,2024-06-23,East
186,Bob Jones,Tablet,6,563.04,2024-05-17,East
187,Jane Williams,Laptop,4,839.94,2024-02-21,Central
188,John Williams,Laptop,2,525.77,2024-12-14,Central
189,Diana Davis,Phone,2,76.24,2024-10-17,Central
190,Jane Miller,Mouse,5,258.51,2024-11-10,South
191,Eve Brown,Mouse,1,729.99,2024-04-17,West
192,Eve Jones,Monitor,9,846.52,2024-10-20,East
193,Eve Miller,Tablet,10,787.87,2024-10-19,West
194,Alice Jones,Headphones,3,945.18,2024-09-06,South
195,Alice Smith,Monitor,7,505.26,2024-05-06,Central
196,Alice Johnson,Laptop,8,66.19,2024-06-10,South
197,Frank Miller,Laptop,8,555.69,2024-10-08,East
198,Charlie Jones,Keyboard,9,385.91,2024-08-21,South
199,John Williams,Tablet,3,660.47,2024-03-24,Central
200,Frank Smith,Headphones,5,630.40,2024-05-21,Central
201,Charlie Miller,Headphones,4,304.24,2024-08-22,North
202,Frank Brown,Headphones,1,681.38,2024-12-22,South
203,Jane Brown,Monitor,4,597.42,2024-04-17,East
204,Jane Smith,Keyboard,2,338.67,2024-05-18,East
205,Diana Johnson,Keyboard,3,832.24,2024-09-04,West
206,Alice Williams,Headphones,6,816.26,2024-11-06,West
207,Alice Johnson,Monitor,8,530.45,2024-03-14,North
208,John Johnson,Speaker,9,863.20,2024-09-14,North
209,Bob Jones,Headphones,1,96.31,2024-01-06,East
210,Bob Miller,Monitor,6,450.47,2024-04-16,Central
211,Bob Williams,Laptop,2,940.63,2024-03-01,South
212,Jane Williams,Headphones,1,358.69,2024-01-20,West
213,Alice Jones,Phone,1,956.26,2024-09-21,South
214,Jane Davis,Phone,3,380.74,2024-08-05,West
215,Charlie Johnson,Keyboard,6,48.64,2024-06-06,East
216,Jane Davis,Tablet,2,763.39,2024-11-12,West
217,Frank Miller,Laptop,6,977.09,2024-11-15,North
218,Bob Davis,Keyboard,10,781.22,2024-05-28,West
219,John Brown,Phone,10,391.24,2024-10-13,North
220,Jane Johnson,Headphones,9,19.35,2024-12-22,North
221,Charlie Jones,Headphones,8,90.74,2024-11-11,East
222,Frank Miller,Mouse,4,576.53,2024-03-10,Central
223,Alice Smith,Headphones,10,659.81,2024-03-08,North
224,Frank Davis,Speaker,9,730.34,2024-03-22,Central
225,Diana Smith,Laptop,9,464.67,2024-03-27,East
226,Diana Miller,Speaker,8,22.67,2024-09-19,East
227,Alice Brown,Phone,8,420.92,2024-03-26,Central
228,Diana Williams,Monitor,2,273.78,2024-04-18,South
229,Diana Johnson,Speaker,6,607.29,2024-08-26,West
230,Jane Johnson,Monitor,5,248.20,2024-09-15,South
231,John Johnson,Headphones,7,229.38,2024-05-11,North
232,Eve Miller,Monitor,9,862.38,2024-05-19,West
233,Bob Davis,Tablet,9,160.11,2024-05-08,North
234,John Davis,Headphones,2,362.63,2024-05-12,South
235,Alice Brown,Monitor,1,460.35,2024-10-27,South
236,Jane Miller,Monitor,8,523.15,2024-11-23,South
237,Bob Garcia,Headphones,3,571.39,2024-06-05,South
238,Alice Brown,Laptop,4,267.78,2024-06-01,North
239,Jane Garcia,Keyboard,5,839.26,2024-02-16,North
240,Alice Miller,Speaker,3,790.10,2024-09-28,Central
241,Bob Miller,Phone,1,910.15,2024-06-23,South
242,Diana Brown,Keyboard,10,991.05,2024-02-20,North
243,Alice Brown,Mouse,8,818.74,2024-07-24,West
244,Frank Brown,Monitor,10,261.42,2024-09-15,North
245,Diana Brown,Laptop,10,40.91,2024-02-02,North
246,Diana Davis,Laptop,10,363.91,2024-02-14,East
247,Diana Williams,Speaker,6,570.23,2024-06-10,Central
248,Bob Williams,Speaker,1,465.38,2024-05-01,South
249,Frank Davis,Speaker,3,267.84,2024-07-04,Central
250,Charlie Williams,Monitor,5,139.47,2024-09-15,Central
251,Jane Davis,Headphones,5,655.12,2024-10-09,North
252,Alice Brown,Tablet,5,179.85,2024-07-01,South
253,Bob Brown,Laptop,4,320.44,2024-10-10,South
254,Bob Brown,Laptop,10,747.06,2024-07-01,West
255,Frank Garcia,Speaker,3,777.90,2024-08-05,South
256,John Smith,Headphones,1,125.62,2024-02-02,South
257,Alice Garcia,Laptop,10,516.76,2024-10-06,West
258,Charlie Jones,Laptop,10,797.08,2024-11-18,West
259,Charlie Johnson,Keyboard,4,84.54,2024-11-06,Central
260,John Brown,Keyboard,4,670.83,2024-05-24,Central
261,Charlie Jones,Tablet,2,671.10,2024-01-06,East
262,Frank Davis,Laptop,10,587.24,2024-10-11,North
263,Jane Jones,Speaker,2,336.70,2024-11-05,Central
264,Alice Miller,Headphones,1,66.14,2024-11-03,West
265,Alice Miller,Tablet,6,205.51,2024-05-05,North
266,Diana Jones,Tablet,10,340.98,2024-09-17,South
267,Alice Miller,Speaker,10,531.37,2024-05-25,Central
268,Diana Garcia,Monitor,5,54.20,2024-03-24,Central
269,Alice Garcia,Laptop,4,588.14,2024-10-02,North
270,John Smith,Phone,6,487.72,2024-08-15,East
271,Alice Jones,Mouse,6,994.82,2024-04-19,Central
272,Frank Miller,Mouse,6,544.05,2024-05-17,South
273,Bob Smith,Tablet,9,145.11,2024-02-25,South
274,John Jones,Phone,9,719.64,2024-10-27,West
275,Jane Williams,Speaker,2,446.15,2024-06-28,Central
276,Jane Miller,Keyboard,10,790.87,2024-10-06,West
277,Charlie Smith,Headphones,7,856.95,2024-10-27,West
278,Frank Brown,Headphones,10,715.89,2024-09-25,South
279,Alice Garcia,Mouse,3,274.96,2024-04-15,West
280,Frank Brown,Speaker,8,361.97,2024-07-22,West
281,Bob Smith,Mouse,5,887.09,2024-06-02,Central
282,Jane Williams,Headphones,9,66.29,2024-11-26,North
283,John Miller,Tablet,8,139.51,2024-10-22,North
284,Bob Davis,Headphones,4,275.35,2024-09-13,West
285,Charlie Miller,Monitor,4,59.02,2024-12-01,North
286,Diana Johnson,Monitor,5,761.89,2024-02-19,Central
287,Alice Smith,Laptop,1,714.14,2024-04-27,West
288,Eve Davis,Phone,3,115.48,2024-08-12,West
289,Bob Williams,Speaker,10,78.83,2024-06-26,West
290,John Smith,Keyboard,2,975.53,2024-01-09,West
291,Bob Smith,Phone,5,813.17,2024-04-07,Central
292,Jane Johnson,Keyboard,9,530.91,2024-11-16,East
293,Diana Miller,Keyboard,2,668.55,2024-06-05,North
294,Alice Williams,Speaker,5,473.92,2024-01-28,Central
295,Eve Garcia,Laptop,9,687.76,2024-10-12,West
296,John Davis,Laptop,7,76.79,2024-12-16,North
297,Bob Smith,Tablet,1,676.00,2024-09-11,West
298,Jane Brown,Monitor,2,699.18,2024-02-27,North
299,Bob Williams,Phone,2,575.41,2024-08-09,West
300,Frank Williams,Tablet,6,103.62,2024-10-23,East
301,Charlie Jones,Mouse,2,608.07,2024-11-05,South
302,Charlie Brown,Laptop,4,335.90,2024-03-01,Central
303,Eve Miller,Phone,9,782.38,2024-01-16,East
304,Eve Garcia,Laptop,5,551.05,2024-03-03,South
305,Diana Garcia,Tablet,6,307.28,2024-06-11,East
306,Bob Garcia,Mouse,5,505.02,2024-05-17,East
307,Diana Johnson,Keyboard,8,865.20,2024-08-22,East
308,Charlie Jones,Phone,9,231.06,2024-02-17,North
309,Frank Brown,Keyboard,8,437.93,2024-12-25,North
310,Bob Brown,Keyboard,6,890.68,2024-05-10,Central
311,John Garcia,Mouse,10,240.31,2024-11-06,North
312,Eve Garcia,Keyboard,6,228.53,2024-07-24,Central
313,Jane Jones,Monitor,4,113.20,2024-12-26,Central
314,Alice Jones,Headphones,3,863.85,2024-06-20,North
315,Diana Miller,Laptop,8,980.64,2024-12-07,East
316,Diana Johnson,Speaker,5,539.77,2024-08-03,East
317,Frank Garcia,Keyboard,2,712.47,2024-04-27,Central
318,John Jones,Keyboard,6,84.81,2024-03-19,Central
319,Charlie Miller,Phone,10,810.06,2024-10-26,East
320,Diana Smith,Monitor,4,162.77,2024-05-11,West
321,Alice Davis,Mouse,6,959.94,2024-09-02,South
322,Eve Smith,Mouse,6,59.22,2024-05-06,South
323,Charlie Garcia,Monitor,5,875.60,2024-08-15,East
324,Jane Williams,Keyboard,10,345.35,2024-01-04,North
325,Diana Johnson,Headphones,3,312.02,2024-06-04,North
326,Diana Garcia,Phone,4,801.18,2024-04-28,Central
327,Bob Williams,Tablet,3,622.56,2024-11-27,West
328,Charlie Garcia,Tablet,2,672.24,2024-11-12,East
329,Charlie Williams,Headphones,6,347.65,2024-07-17,South
330,Frank Miller,Laptop,5,308.12,2024-01-25,Central
331,Frank Brown,Mouse,1,67.88,2024-10-06,East
332,John Jones,Laptop,5,668.93,2024-07-22,West
333,John Miller,Tablet,2,539.57,2024-06-13,South
334,Diana Miller,Tablet,9,165.81,2024-12-03,Central
335,John Johnson,Monitor,10,606.07,2024-04-16,Central
336,John Miller,Phone,1,200.32,2024-06-23,Central
337,Alice Jones,Laptop,10,884.72,2024-07-10,North
338,Eve Miller,Monitor,1,947.42,2024-06-25,West
339,Alice Davis,Monitor,7,438.67,2024-02-17,East
340,Alice Davis,Speaker,5,388.58,2024-03-23,South
341,John Brown,Tablet,6,50.40,2024-05-11,North
342,John Garcia,Keyboard,6,167.17,2024-11-02,West
343,Bob Johnson,Tablet,1,257.34,2024-02-14,South
344,Eve Jones,Keyboard,10,53.63,2024-10-25,South
345,Eve Johnson,Headphones,2,779.66,2024-07-22,Central
346,Charlie Garcia,Mouse,4,690.51,2024-05-05,Central
347,Alice Davis,Headphones,3,773.27,2024-10-20,Central
348,Charlie Davis,Speaker,6,520.63,2024-09-13,Central
349,Diana Davis,Mouse,10,134.26,2024-12-08,North
350,Bob Williams,Headphones,1,70.01,2024-01-06,East
351,Eve Jones,Laptop,5,602.88,2024-12-14,North
352,Diana Miller,Monitor,5,624.46,2024-12-23,South
353,Frank Johnson,Laptop,9,505.62,2024-08-26,North
354,Bob Smith,Keyboard,2,463.00,2024-06-13,East
355,Alice Williams,Monitor,9,716.33,2024-03-18,Central
356,Diana Brown,Laptop,4,710.47,2024-08-16,South
357,Charlie Smith,Speaker,1,846.29,2024-03-09,South
358,Diana Brown,Laptop,5,264.51,2024-05-22,West
359,Diana Davis,Headphones,2,414.43,2024-07-15,West
360,Alice Brown,Keyboard,2,234.58,2024-02-26,North
361,Charlie Miller,Tablet,1,487.81,2024-11-15,East
362,Bob Jones,Monitor,2,625.49,2024-09-25,North
363,Charlie Johnson,Keyboard,7,275.74,2024-06-02,North
364,Eve Williams,Phone,6,968.27,2024-02-16,South
365,Eve Johnson,Headphones,6,926.21,2024-11-08,Central
366,Charlie Williams,Phone,4,375.75,2024-09-19,East
367,Diana Garcia,Keyboard,1,994.36,2024-04-11,South
368,Eve Miller,Laptop,7,658.65,2024-01-04,East
369,Jane Smith,Headphones,10,890.44,2024-03-18,East
370,Eve Jones,Mouse,4,448.71,2024-07-07,North
371,Diana Davis,Mouse,2,144.90,2024-03-03,South
372,Eve Miller,Speaker,4,727.98,2024-08-05,Central
373,Frank Miller,Speaker,9,649.77,2024-11-01,South
374,Jane Smith,Phone,3,775.00,2024-09-25,East
375,Charlie Miller,Keyboard,9,94.87,2024-10-14,West
376,Eve Garcia,Mouse,7,833.04,2024-06-01,South
377,Alice Garcia,Phone,3,208.68,2024-09-08,South
378,Diana Garcia,Tablet,3,228.11,2024-05-17,South
379,Alice Miller,Phone,6,157.04,2024-02-08,West
380,Alice Smith,Phone,9,780.56,2024-08-14,North
381,Jane Williams,Monitor,1,598.78,2024-09-23,East
382,Diana Garcia,Speaker,1,650.69,2024-09-24,South
383,Bob Brown,Headphones,3,907.23,2024-07-25,South
384,Bob Williams,Phone,5,907.58,2024-07-09,East
385,Alice Miller,Laptop,1,103.62,2024-07-08,North
386,Bob Garcia,Phone,1,565.17,2024-08-18,West
387,Eve Smith,Tablet,8,134.73,2024-03-07,Central
388,John Garcia,Monitor,3,417.24,2024-09-14,East
389,John Jones,Phone,10,637.85,2024-04-04,South
390,Bob Williams,Keyboard,2,827.52,2024-07-25,Central
391,Charlie Davis,Keyboard,4,131.99,2024-06-04,West
392,Charlie Smith,Laptop,10,973.38,2024-10-15,South
393,Frank Johnson,Mouse,2,380.65,2024-03-28,East
394,John Jones,Mouse,9,369.84,2024-08-15,North
395,Eve Jones,Headphones,2,837.45,2024-02-03,West
396,Diana Brown,Tablet,6,511.01,2024-06-15,East
397,Jane Johnson,Headphones,4,67.92,2024-06-21,East
398,Alice Johnson,Speaker,1,800.42,2024-12-23,North
399,Diana Johnson,Speaker,10,467.59,2024-09-26,West
400,Jane Jones,Speaker,10,176.14,2024-01-28,North
401,John Johnson,Laptop,3,402.15,2024-04-12,West
402,Frank Garcia,Monitor,2,34.43,2024-08-14,Central
403,Jane Davis,Phone,3,491.82,2024-10-03,East
404,John Garcia,Keyboard,6,952.15,2024-02-19,Central
405,Diana Davis,Headphones,2,780.16,2024-09-04,North
406,Charlie Davis,Phone,6,414.85,2024-09-04,Central
407,Bob Miller,Monitor,9,478.50,2024-08-26,East
408,Diana Brown,Keyboard,1,777.02,2024-06-20,South
409,Charlie Garcia,Phone,9,668.15,2024-11-17,Central
410,John Garcia,Tablet,9,965.18,2024-05-17,South
411,Charlie Smith,Phone,3,792.90,2024-08-10,North
412,Bob Williams,Laptop,5,69.85,2024-12-19,West
413,Bob Smith,Headphones,4,33.94,2024-09-05,West
414,Alice Williams,Laptop,4,972.61,2024-12-08,South
415,Bob Miller,Monitor,2,179.54,2024-05-24,North
416,Alice Smith,Monitor,4,519.38,2024-02-01,Central
417,John Williams,Mouse,6,615.77,2024-03-24,North
418,Diana Williams,Monitor,4,398.84,2024-04-15,South
419,Jane Williams,Laptop,3,127.79,2024-05-07,West
420,John Smith,Monitor,2,326.30,2024-05-01,East
421,Frank Smith,Speaker,9,289.13,2024-06-27,South
422,Eve Johnson,Keyboard,1,327.71,2024-08-01,East
423,Alice Davis,Laptop,2,428.20,2024-12-08,Central
424,Charlie Garcia,Keyboard,10,219.20,2024-04-05,South
425,John Brown,Tablet,2,655.32,2024-08-24,Central
426,Charlie Garcia,Tablet,5,120.21,2024-10-02,East
427,Bob Johnson,Mouse,10,825.92,2024-12-02,North
428,Jane Smith,Phone,3,248.70,2024-04-03,West
429,Jane Jones,Mouse,10,413.76,2024-03-19,East
430,Eve Miller,Phone,9,634.41,2024-10-18,South
431,Diana Williams,Speaker,10,768.62,2024-11-13,North
432,Jane Brown,Speaker,3,724.92,2024-03-25,Central
433,Jane Miller,Mouse,2,968.95,2024-03-16,North
434,Bob Williams,Mouse,9,935.78,2024-05-24,West
435,Diana Williams,Laptop,7,311.49,2024-03-22,South
436,Bob Davis,Tablet,5,143.17,2024-01-06,West
437,Eve Smith,Laptop,3,163.92,2024-07-28,West
438,Eve Williams,Phone,3,715.63,2024-11-11,South
439,Alice Johnson,Monitor,4,575.05,2024-07-22,North
440,Diana Miller,Monitor,2,129.41,2024-07-20,North
441,Diana Johnson,Speaker,1,202.56,2024-09-15,South
442,Eve Johnson,Headphones,5,941.01,2024-04-11,South
443,Frank Williams,Mouse,3,55.09,2024-01-09,East
444,Bob Davis,Monitor,8,653.31,2024-03-19,North
445,Diana Miller,Tablet,10,498.49,2024-11-22,Central
446,Jane Smith,Mouse,7,761.97,2024-02-22,North
447,John Williams,Speaker,2,364.99,2024-03-02,North
448,John Smith,Phone,9,768.88,2024-05-21,South
449,Alice Brown,Tablet,10,790.34,2024-01-14,East
450,Charlie Johnson,Monitor,1,485.05,2024-06-02,Central
451,Eve Davis,Phone,8,649.13,2024-06-26,West
452,Alice Garcia,Keyboard,3,492.19,2024-03-06,West
453,Alice Brown,Phone,8,976.81,2024-03-24,North
454,John Davis,Monitor,1,395.85,2024-11-03,North
455,Charlie Davis,Headphones,3,269.94,2024-02-12,West
456,Eve Garcia,Tablet,8,367.71,2024-02-18,Central
457,Eve Jones,Keyboard,7,914.49,2024-05-18,North
458,John Johnson,Monitor,7,106.25,2024-03-20,North
459,Jane Williams,Laptop,7,325.54,2024-05-13,North
460,Bob Williams,Headphones,5,40.05,2024-07-05,East
461,Alice Smith,Tablet,10,316.96,2024-12-08,North
462,Diana Johnson,Speaker,5,798.57,2024-05-05,South
463,Jane Johnson,Phone,4,608.07,2024-01-03,South
464,Alice Brown,Monitor,2,264.59,2024-06-20,Central
465,John Jones,Speaker,9,479.29,2024-11-18,North
466,Eve Williams,Keyboard,8,27.17,2024-10-17,Central
467,Jane Garcia,Keyboard,7,894.50,2024-07-05,East
468,John Jones,Mouse,5,637.78,2024-03-04,North
469,Diana Brown,Keyboard,4,585.27,2024-05-12,West
470,Bob Jones,Tablet,9,162.72,2024-04-02,East
471,Frank Smith,Mouse,2,905.84,2024-01-17,North
472,Frank Davis,Phone,1,634.29,2024-09-16,East
473,John Johnson,Headphones,8,200.32,2024-07-20,West
474,Bob Smith,Tablet,8,691.77,2024-01-08,East
475,Jane Garcia,Laptop,2,842.94,2024-06-02,South
476,John Johnson,Headphones,7,339.49,2024-08-20,West
477,Charlie Miller,Monitor,4,504.27,2024-04-22,Central
478,Charlie Williams,Mouse,9,540.64,2024-08-24,Central
479,Jane Williams,Monitor,8,55.30,2024-03-15,West
480,Alice Garcia,Monitor,9,996.62,2024-04-09,West
481,Bob Williams,Tablet,2,253.78,2024-04-20,West
482,Frank Davis,Mouse,4,687.25,2024-11-10,Central
483,Jane Smith,Headphones,10,477.98,2024-09-27,West
484,Diana Garcia,Headphones,3,588.06,2024-03-22,Central
485,Diana Miller,Speaker,5,665.23,2024-07-26,North
486,Bob Brown,Keyboard,2,973.73,2024-04-28,West
487,Alice Miller,Speaker,1,163.69,2024-10-24,South
488,Alice Williams,Phone,6,606.48,2024-07-10,North
489,Jane Davis,Mouse,7,737.57,2024-08-13,North
490,Diana Johnson,Keyboard,2,918.84,2024-01-11,West
491,Jane Williams,Headphones,1,129.41,2024-07-22,North
492,Eve Miller,Tablet,1,958.86,2024-04-19,Central
493,Bob Williams,Speaker,8,149.72,2024-07-03,West
494,Diana Davis,Monitor,4,873.21,2024-10-09,East
495,Bob Smith,Tablet,9,965.59,2024-10-22,East
496,Jane Davis,Tablet,9,799.27,2024-10-24,Central
497,Frank Williams,Phone,8,825.56,2024-05-18,South
498,Bob Johnson,Phone,8,169.41,2024-07-18,South
499,Eve Jones,Monitor,4,474.28,2024-03-27,East
500,Bob Brown,Speaker,2,536.27,2024-11-24,North
501,Frank Williams,Mouse,6,560.13,2024-12-13,North
502,Frank Miller,Laptop,2,407.03,2024-10-24,West
503,Eve Jones,Mouse,5,686.57,2024-01-14,East
504,Eve Miller,Keyboard,3,552.33,2024-08-07,South
505,Bob Brown,Monitor,8,379.45,2024-09-06,East
506,Diana Miller,Keyboard,1,765.20,2024-02-16,West
507,Bob Johnson,Mouse,8,563.38,2024-04-28,Central
508,John Williams,Tablet,2,945.91,2024-10-07,West
509,Charlie Miller,Monitor,8,350.30,2024-05-27,East
510,Alice Garcia,Tablet,5,529.72,2024-02-18,West
511,John Williams,Keyboard,7,441.19,2024-04-21,North
512,John Garcia,Headphones,3,148.12,2024-07-06,North
513,John Johnson,Keyboard,7,705.66,2024-08-16,Central
514,Alice Johnson,Keyboard,6,796.01,2024-08-12,Central
515,Bob Johnson,Headphones,9,505.33,2024-09-07,West
516,Alice Smith,Mouse,10,374.02,2024-12-01,South
517,Diana Miller,Tablet,10,871.33,2024-06-14,South
518,Frank Miller,Keyboard,2,402.05,2024-09-24,South
519,John Miller,Tablet,3,71.65,2024-07-28,Central
520,Charlie Smith,Phone,2,799.17,2024-06-05,West
521,Bob Garcia,Tablet,1,294.94,2024-01-04,West
522,Jane Brown,Keyboard,1,704.59,2024-10-22,North
523,Charlie Johnson,Laptop,1,568.58,2024-11-08,West
524,John Williams,Phone,2,615.93,2024-07-23,North
525,Frank Jones,Speaker,3,552.13,2024-01-18,Central
526,Bob Brown,Headphones,2,990.63,2024-04-18,South
527,John Brown,Speaker,7,883.04,2024-11-10,West
528,Eve Smith,Speaker,9,108.86,2024-08-04,East
529,Diana Davis,Speaker,6,318.78,2024-10-10,South
530,Eve Brown,Mouse,7,84.40,2024-07-28,South
531,Charlie Garcia,Keyboard,3,888.00,2024-10-25,Central
532,Frank Brown,Headphones,8,891.59,2024-10-28,East
533,Diana Brown,Monitor,10,777.22,2024-11-27,South
534,Bob Garcia,Tablet,9,283.39,2024-04-19,East
535,Frank Miller,Mouse,5,992.27,2024-11-24,North
536,Eve Brown,Mouse,10,751.79,2024-10-01,East
537,Alice Smith,Mouse,1,601.50,2024-12-27,North
538,Eve Williams,Headphones,3,233.51,2024-10-08,East
539,Charlie Miller,Laptop,2,258.64,2024-08-15,Central
540,Charlie Smith,Monitor,3,453.82,2024-08-16,North
541,Eve Smith,Mouse,6,287.79,2024-10-03,Central
542,Frank Garcia,Monitor,3,213.01,2024-02-03,East
543,Alice Brown,Tablet,8,199.06,2024-07-18,Central
544,Diana Garcia,Monitor,8,972.57,2024-09-05,North
545,Diana Miller,Tablet,8,485.19,2024-01-17,North
546,John Jones,Laptop,7,568.65,2024-01-01,West
547,Frank Miller,Monitor,4,291.93,2024-08-28,Central
548,Alice Miller,Mouse,5,743.14,2024-10-15,East
549,John Brown,Tablet,1,71.58,2024-12-02,Central
550,John Jones,Monitor,4,363.18,2024-03-10,West
551,Bob Miller,Phone,10,280.99,2024-11-13,West
552,Frank Jones,Phone,10,631.91,2024-12-10,North
553,Bob Smith,Keyboard,8,760.29,2024-10-05,Central
554,Diana Davis,Headphones,3,892.09,2024-12-02,North
555,Charlie Williams,Headphones,1,512.32,2024-02-14,West
556,Bob Johnson,Tablet,6,924.57,2024-03-28,South
557,Bob Smith,Keyboard,9,690.05,2024-12-06,North
558,Charlie Miller,Speaker,8,401.79,2024-04-08,South
559,Eve Johnson,Phone,10,669.51,2024-01-12,Central
560,Eve Garcia,Monitor,4,886.41,2024-02-27,West
561,Bob Brown,Keyboard,10,341.98,2024-01-11,West
562,Alice Brown,Mouse,4,531.91,2024-10-05,North
563,Bob Garcia,Mouse,7,87.66,2024-07-02,Central
564,Frank Davis,Phone,2,904.55,2024-02-21,Central
565,John Jones,Phone,6,187.61,2024-03-12,South
566,Eve Smith,Speaker,7,915.08,2024-05-04,North
567,Jane Smith,Mouse,4,748.93,2024-06-02,East
568,Charlie Davis,Monitor,3,156.22,2024-09-18,West
569,Bob Johnson,Speaker,2,187.23,2024-10-09,East
570,Alice Miller,Tablet,5,715.82,2024-06-17,South
571,Frank Miller,Mouse,1,204.42,2024-02-19,South
572,Diana Garcia,Tablet,7,113.60,2024-05-06,South
573,Jane Miller,Monitor,5,166.65,2024-09-09,East
574,Alice Brown,Speaker,6,673.19,2024-10-06,Central
575,Charlie Miller,Keyboard,10,199.74,2024-09-06,South
576,John Garcia,Tablet,2,863.45,2024-01-01,East
577,Alice Jones,Speaker,1,784.29,2024-03-09,South
578,John Johnson,Tablet,6,950.40,2024-01-13,East
579,John Brown,Laptop,6,560.77,2024-08-09,East
580,John Johnson,Phone,1,19.78,2024-05-18,Central
581,John Johnson,Monitor,8,832.51,2024-07-22,South
582,Alice Smith,Keyboard,7,266.30,2024-08-15,Central
583,Frank Miller,Monitor,10,642.97,2024-04-10,Central
584,Bob Johnson,Speaker,9,15.06,2024-10-13,East
585,Jane Williams,Mouse,3,349.59,2024-12-01,North
586,Alice Johnson,Mouse,1,308.69,2024-01-11,East
587,Jane Smith,Keyboard,5,795.04,2024-12-26,East
588,Diana Williams,Mouse,9,270.70,2024-11-15,South
589,Alice Miller,Laptop,6,608.37,2024-03-14,South
590,Charlie Johnson,Keyboard,7,59.65,2024-08-12,Central
591,Jane Garcia,Mouse,6,858.63,2024-10-01,West
592,John Williams,Tablet,2,727.26,2024-06-12,East
593,Frank Johnson,Phone,6,810.15,2024-10-12,South
594,Charlie Jones,Phone,9,146.60,2024-09-14,East
595,John Williams,Laptop,10,246.25,2024-06-16,West
596,Jane Johnson,Headphones,9,648.80,2024-05-24,South
597,Eve Williams,Laptop,8,668.76,2024-04-17,East
598,Diana Williams,Headphones,6,395.60,2024-01-13,West
599,Bob Brown,Speaker,9,432.99,2024-06-26,South
600,Alice Johnson,Mouse,5,241.26,2024-11-28,South
601,Diana Smith,Laptop,2,774.64,2024-09-19,South
602,Bob Davis,Keyboard,2,358.76,2024-11-27,South
603,Frank Davis,Monitor,1,853.71,2024-01-08,West
604,Jane Davis,Phone,5,813.69,2024-05-07,North
605,Diana Miller,Headphones,6,245.47,2024-08-04,North
606,Frank Garcia,Headphones,4,429.37,2024-04-19,West
607,Bob Brown,Headphones,10,884.32,2024-02-28,East
608,Jane Smith,Laptop,6,894.43,2024-02-12,Central
609,Bob Brown,Keyboard,6,70.69,2024-12-10,North
610,Jane Garcia,Speaker,3,803.66,2024-08-10,Central
611,Frank Williams,Keyboard,9,263.29,2024-04-19,Central
612,Eve Miller,Laptop,1,482.13,2024-11-27,West
613,Frank Smith,Tablet,9,184.87,2024-11-14,Central
614,John Brown,Tablet,4,166.38,2024-02-19,West
615,Alice Williams,Headphones,1,873.56,2024-01-04,North
616,Alice Davis,Keyboard,2,341.59,2024-09-19,East
617,Charlie Jones,Laptop,6,489.25,2024-07-10,East
618,Bob Williams,Mouse,6,490.64,2024-02-10,South
619,Alice Williams,Laptop,7,518.36,2024-05-01,East
620,Alice Johnson,Speaker,2,426.01,2024-07-26,West
621,Eve Johnson,Laptop,8,405.67,2024-08-28,North
622,Diana Brown,Mouse,4,943.93,2024-09-19,West
623,John Brown,Speaker,10,110.47,2024-09-21,Central
624,Jane Davis,Keyboard,7,562.88,2024-02-11,North
625,John Smith,Mouse,3,874.39,2024-12-22,South
626,Charlie Miller,Phone,7,594.46,2024-01-02,East
627,John Smith,Monitor,3,129.17,2024-02-16,North
628,Eve Brown,Keyboard,6,222.40,2024-10-19,West
629,Alice Miller,Laptop,2,360.05,2024-06-14,North
630,Alice Smith,Phone,7,84.71,2024-03-16,South
631,Jane Smith,Laptop,1,848.55,2024-03-16,South
632,John Johnson,Laptop,6,208.99,2024-01-17,South
633,Bob Smith,Phone,4,521.08,2024-09-21,South
634,Bob Miller,Headphones,2,389.66,2024-11-12,Central
635,Frank Jones,Headphones,1,263.47,2024-08-26,South
636,Charlie Brown,Phone,8,332.09,2024-02-05,Central
637,John Brown,Monitor,10,872.86,2024-02-25,East
638,John Brown,Phone,7,52.67,2024-01-19,Central
639,Diana Davis,Phone,2,650.36,2024-11-26,West
640,Eve Garcia,Headphones,5,741.35,2024-10-01,Central
641,Eve Williams,Phone,3,876.66,2024-03-05,North
642,Diana Garcia,Keyboard,6,363.19,2024-11-28,North
643,Diana Williams,Laptop,2,634.25,2024-01-27,West
644,Diana Garcia,Speaker,4,879.36,2024-05-25,South
645,Charlie Williams,Phone,9,615.89,2024-06-17,West
646,John Davis,Speaker,2,432.82,2024-05-26,Central
647,John Jones,Keyboard,5,318.10,2024-11-05,South
648,Eve Brown,Headphones,3,624.06,2024-08-27,West
649,Diana Johnson,Phone,3,585.37,2024-06-02,Central
650,John Garcia,Tablet,10,157.25,2024-01-17,South
651,Charlie Jones,Mouse,2,275.95,2024-03-14,West
652,Diana Jones,Headphones,2,739.95,2024-11-20,East
653,Bob Brown,Laptop,3,93.25,2024-12-05,Central
654,Jane Jones,Monitor,5,404.49,2024-09-08,West
655,John Brown,Keyboard,6,39.99,2024-11-28,West
656,Charlie Garcia,Monitor,9,542.04,2024-06-27,South
657,Jane Smith,Phone,8,687.50,2024-09-09,East
658,Charlie Jones,Phone,5,16.67,2024-10-21,Central
659,Diana Williams,Tablet,7,467.36,2024-04-14,East
660,Alice Smith,Speaker,4,731.60,2024-04-12,Central
661,John Smith,Tablet,6,288.63,2024-09-20,North
662,Diana Miller,Speaker,6,517.39,2024-02-26,North
663,John Garcia,Monitor,1,896.91,2024-08-03,East
664,Eve Davis,Headphones,7,330.01,2024-04-20,West
665,Alice Johnson,Phone,4,189.02,2024-09-27,East
666,Eve Brown,Headphones,7,87.87,2024-05-24,North
667,Frank Garcia,Phone,2,310.11,2024-06-10,South
668,Jane Garcia,Mouse,10,386.02,2024-07-07,North
669,Jane Davis,Phone,6,58.60,2024-06-17,North
670,John Williams,Keyboard,2,429.23,2024-05-05,South
671,Jane Smith,Speaker,1,794.19,2024-12-02,North
672,Bob Davis,Monitor,6,540.67,2024-11-21,West
673,Jane Jones,Speaker,1,117.76,2024-12-06,West
674,Frank Williams,Headphones,4,24.52,2024-05-23,North
675,Charlie Johnson,Monitor,9,156.80,2024-06-17,West
676,Jane Davis,Laptop,10,605.29,2024-01-06,Central
677,Frank Miller,Mouse,7,743.86,2024-03-21,Central
678,Alice Davis,Mouse,2,738.35,2024-02-24,North
679,Jane Williams,Tablet,8,577.60,2024-08-03,North
680,Diana Williams,Phone,5,634.74,2024-08-19,East
681,Alice Johnson,Tablet,7,539.96,2024-11-24,West
682,Frank Johnson,Keyboard,7,360.29,2024-07-17,South
683,Alice Jones,Monitor,7,156.50,2024-02-04,North
684,John Jones,Phone,5,689.32,2024-05-04,West
685,John Williams,Tablet,6,966.66,2024-07-25,North
686,Charlie Williams,Headphones,9,860.40,2024-09-21,South
687,Frank Johnson,Headphones,7,77.99,2024-03-28,Central
688,Bob Brown,Laptop,1,85.22,2024-07-15,North
689,Alice Miller,Speaker,4,659.13,2024-03-20,East
690,Charlie Garcia,Tablet,4,238.32,2024-07-24,East
691,John Johnson,Laptop,6,638.83,2024-05-08,South
692,Diana Johnson,Headphones,4,19.33,2024-08-18,West
693,Eve Brown,Monitor,10,445.16,2024-12-08,Central
694,Eve Smith,Phone,9,94.21,2024-04-09,East
695,Frank Garcia,Mouse,2,47.33,2024-10-14,East
696,Eve Jones,Speaker,6,641.11,2024-02-20,South
697,Alice Garcia,Laptop,7,995.57,2024-07-27,West
698,Diana Davis,Headphones,4,426.49,2024-10-05,South
699,Frank Johnson,Phone,1,425.09,2024-03-19,West
700,Bob Johnson,Headphones,10,841.68,2024-09-28,North
701,Diana Jones,Monitor,6,899.75,2024-02-19,Central
702,Jane Johnson,Phone,8,917.44,2024-02-15,West
703,Frank Johnson,Phone,9,51.23,2024-07-25,East
704,Frank Williams,Phone,6,866.58,2024-08-28,Central
705,Charlie Williams,Tablet,4,916.70,2024-12-21,North
706,Bob Williams,Speaker,3,622.60,2024-12-19,Central
707,Diana Johnson,Phone,10,762.06,2024-06-28,West
708,Frank Johnson,Headphones,4,808.21,2024-02-27,North
709,John Williams,Headphones,6,442.26,2024-04-13,West
710,Bob Davis,Speaker,10,66.18,2024-01-19,North
711,Frank Garcia,Speaker,6,493.25,2024-07-21,North
712,Jane Johnson,Laptop,3,198.50,2024-04-15,North
713,Frank Smith,Mouse,3,776.94,2024-11-03,North
714,Charlie Williams,Laptop,10,229.44,2024-09-02,West
715,Alice Brown,Laptop,7,934.02,2024-08-28,Central
716,Frank Garcia,Monitor,2,864.77,2024-10-25,South
717,Alice Brown,Phone,5,158.00,2024-10-28,West
718,Jane Davis,Laptop,9,432.70,2024-12-20,East
719,Jane Davis,Headphones,8,790.53,2024-11-26,West
720,Charlie Jones,Tablet,7,625.32,2024-07-03,West
721,Alice Smith,Keyboard,7,521.67,2024-01-07,North
722,Eve Davis,Laptop,5,957.61,2024-08-14,Central
723,Charlie Davis,Headphones,1,311.83,2024-07-09,North
724,Bob Brown,Tablet,1,214.22,2024-07-15,North
725,John Johnson,Mouse,4,305.53,2024-02-21,West
726,John Miller,Headphones,6,537.95,2024-08-26,East
727,Frank Garcia,Keyboard,8,142.52,2024-10-15,Central
728,Frank Davis,Monitor,9,478.16,2024-04-20,East
729,Alice Johnson,Keyboard,2,977.46,2024-03-10,South
730,Diana Jones,Monitor,2,226.66,2024-07-24,West
731,Diana Williams,Headphones,4,491.91,2024-11-01,South
732,Eve Miller,Monitor,2,732.36,2024-11-09,North
733,Eve Davis,Laptop,4,376.12,2024-02-24,Central
734,Eve Smith,Headphones,8,765.78,2024-01-25,South
735,Diana Williams,Monitor,9,863.83,2024-01-27,North
736,John Johnson,Monitor,10,757.55,2024-05-05,North
737,Jane Jones,Phone,5,827.85,2024-12-28,Central
738,Eve Miller,Speaker,1,362.62,2024-02-19,South
739,Jane Smith,Phone,3,862.22,2024-08-10,Central
740,Frank Brown,Headphones,6,948.84,2024-01-01,Central
741,John Miller,Mouse,6,444.24,2024-09-15,South
742,Charlie Jones,Mouse,4,829.55,2024-09-04,North
743,Eve Johnson,Phone,5,790.72,2024-03-09,North
744,Bob Miller,Monitor,2,516.69,2024-04-28,West
745,Frank Brown,Tablet,10,469.83,2024-11-20,East
746,John Johnson,Headphones,2,131.06,2024-06-01,North
747,John Johnson,Speaker,8,64.73,2024-09-05,South
748,Diana Garcia,Monitor,1,496.75,2024-04-17,South
749,Charlie Davis,Laptop,4,825.66,2024-03-10,West
750,Diana Smith,Mouse,8,957.83,2024-04-10,North
751,Diana Jones,Headphones,6,504.14,2024-12-10,Central
752,John Williams,Monitor,3,215.92,2024-05-09,Central
753,Bob Miller,Phone,10,989.08,2024-02-21,South
754,Charlie Smith,Headphones,3,260.69,2024-12-15,West
755,Jane Williams,Laptop,6,654.01,2024-08-22,North
756,Bob Davis,Keyboard,7,457.21,2024-03-26,East
757,Jane Garcia,Mouse,4,586.76,2024-11-04,East
758,Diana Smith,Headphones,10,785.56,2024-02-14,Central
759,John Williams,Tablet,8,324.88,2024-05-04,South
760,Alice Brown,Monitor,9,321.84,2024-07-19,East
761,John Jones,Monitor,9,857.34,2024-12-14,West
762,Alice Miller,Mouse,3,342.47,2024-02-18,East
763,Charlie Johnson,Speaker,6,69.39,2024-08-14,East
764,Charlie Jones,Laptop,5,516.19,2024-01-24,North
765,Charlie Miller,Phone,7,729.54,2024-03-22,East
766,Alice Jones,Mouse,6,97.00,2024-09-18,East
767,Bob Johnson,Mouse,9,437.87,2024-03-06,East
768,Jane Jones,Laptop,3,249.72,2024-03-11,South
769,Eve Davis,Monitor,5,233.98,2024-10-18,East
770,Alice Garcia,Tablet,4,858.11,2024-11-22,East
771,Frank Garcia,Mouse,8,286.47,2024-10-26,South
772,Diana Smith,Laptop,9,900.34,2024-04-17,Central
773,John Brown,Keyboard,3,904.05,2024-03-11,West
774,Alice Davis,Tablet,10,583.60,2024-01-08,South
775,Jane Smith,Keyboard,9,537.03,2024-04-02,Central
776,Alice Jones,Headphones,8,933.48,2024-11-13,South
777,Alice Smith,Mouse,2,125.25,2024-10-13,North
778,Frank Davis,Tablet,10,594.90,2024-05-10,West
779,Alice Davis,Phone,7,255.05,2024-07-24,East
780,Eve Brown,Headphones,1,30.17,2024-07-15,North
781,Alice Brown,Phone,7,307.47,2024-08-26,South
782,Frank Williams,Tablet,1,163.89,2024-02-15,North
783,Bob Brown,Speaker,3,271.95,2024-02-22,East
784,Eve Johnson,Keyboard,5,833.78,2024-04-11,North
785,Charlie Garcia,Speaker,9,172.70,2024-02-10,North
786,Diana Brown,Phone,6,203.35,2024-07-18,South
787,Alice Williams,Phone,4,521.35,2024-05-13,North
788,Bob Brown,Monitor,6,454.17,2024-02-18,Central
789,Charlie Brown,Phone,5,886.98,2024-05-10,South
790,John Smith,Tablet,10,411.41,2024-02-21,North
791,Eve Garcia,Phone,6,800.09,2024-02-07,West
792,Diana Jones,Mouse,8,711.09,2024-04-17,North
793,Charlie Johnson,Mouse,6,20.66,2024-02-10,South
794,Alice Williams,Monitor,8,55.77,2024-11-26,West
795,John Smith,Monitor,6,492.39,2024-01-02,East
796,Alice Johnson,Speaker,9,481.33,2024-03-14,Central
797,Eve Brown,Mouse,4,88.41,2024-03-03,Central
798,John Williams,Mouse,5,175.11,2024-01-12,North
799,Alice Williams,Headphones,7,651.09,2024-04-24,Central
800,Eve Jones,Keyboard,2,665.90,2024-12-19,Central
801,Bob Williams,Monitor,3,849.12,2024-08-15,West
802,John Jones,Mouse,1,801.41,2024-09-21,East
803,John Garcia,Headphones,10,279.36,2024-06-04,East
804,Diana Brown,Headphones,9,388.35,2024-07-28,West
805,John Jones,Tablet,4,854.96,2024-09-12,North
806,Diana Williams,Laptop,7,886.53,2024-10-02,West
807,Bob Williams,Laptop,2,618.15,2024-10-10,East
808,Bob Miller,Mouse,10,576.41,2024-10-16,North
809,Eve Garcia,Headphones,1,198.46,2024-11-02,West
810,Bob Jones,Monitor,1,528.84,2024-01-28,East
811,Diana Davis,Keyboard,3,434.92,2024-05-04,Central
812,Charlie Miller,Mouse,9,840.49,2024-08-18,East
813,Charlie Brown,Monitor,2,818.61,2024-10-13,South
814,Diana Davis,Headphones,5,946.27,2024-02-03,West
815,Jane Brown,Monitor,2,688.09,2024-03-11,East
816,Diana Miller,Headphones,8,91.85,2024-03-05,North
817,Diana Brown,Laptop,5,694.54,2024-03-03,North
818,Bob Smith,Headphones,9,145.15,2024-08-02,East
819,Jane Jones,Keyboard,3,163.09,2024-02-27,East
820,Frank Davis,Keyboard,5,190.30,2024-06-01,Central
821,Alice Miller,Headphones,3,386.85,2024-05-10,Central
822,Charlie Smith,Speaker,6,546.74,2024-01-06,South
823,Eve Miller,Phone,8,166.07,2024-02-16,Central
824,Jane Davis,Headphones,7,731.78,2024-12-06,Central
825,Frank Williams,Keyboard,8,994.84,2024-03-09,West
826,Alice Brown,Speaker,1,15.59,2024-07-25,West
827,John Miller,Headphones,3,779.10,2024-06-02,Central
828,John Williams,Tablet,3,518.51,2024-06-16,North
829,Eve Brown,Phone,3,900.12,2024-07-05,East
830,Frank Miller,Speaker,10,49.75,2024-02-01,North
831,John Williams,Tablet,4,739.12,2024-01-21,West
832,Bob Williams,Phone,9,229.81,2024-09-21,East
833,Charlie Johnson,Laptop,8,69.80,2024-08-16,East
834,John Garcia,Keyboard,5,700.55,2024-07-05,North
835,Diana Davis,Tablet,1,835.77,2024-06-28,Central
836,John Garcia,Headphones,3,794.84,2024-10-28,South
837,John Smith,Keyboard,8,478.63,2024-06-19,East
838,Diana Jones,Keyboard,7,424.67,2024-11-08,East
839,Charlie Johnson,Phone,6,474.47,2024-04-01,East
840,Jane Brown,Headphones,4,526.69,2024-11-09,East
841,Bob Miller,Headphones,6,698.75,2024-07-23,Central
842,Frank Johnson,Phone,9,446.52,2024-06-02,East
843,John Davis,Headphones,9,662.42,2024-03-10,South
844,Frank Johnson,Phone,5,966.96,2024-08-02,East
845,Jane Davis,Speaker,5,196.96,2024-12-07,North
846,Frank Garcia,Headphones,4,708.43,2024-05-24,Central
847,Jane Brown,Mouse,9,375.31,2024-01-08,East
848,John Brown,Speaker,3,70.68,2024-12-14,Central
849,Bob Davis,Monitor,10,441.90,2024-05-11,East
850,Eve Johnson,Mouse,4,726.70,2024-09-08,East
851,John Davis,Monitor,8,367.26,2024-01-07,Central
852,Diana Garcia,Headphones,8,945.47,2024-01-07,West
853,Charlie Garcia,Mouse,5,657.73,2024-08-10,South
854,Eve Brown,Phone,8,866.11,2024-01-13,South
855,Charlie Brown,Speaker,9,30.95,2024-06-14,Central
856,Bob Miller,Keyboard,4,145.41,2024-07-26,South
857,Jane Johnson,Phone,3,677.66,2024-11-02,West
858,Charlie Johnson,Tablet,7,315.52,2024-02-21,East
859,Bob Smith,Laptop,2,630.85,2024-06-21,East
860,Eve Brown,Keyboard,1,83.20,2024-11-05,South
861,Diana Brown,Mouse,6,49.24,2024-04-17,Central
862,Jane Garcia,Laptop,9,687.88,2024-12-27,East
863,Bob Smith,Monitor,5,124.99,2024-08-04,North
864,Frank Jones,Phone,2,100.53,2024-07-04,West
865,Frank Garcia,Keyboard,1,191.02,2024-09-17,North
866,Charlie Smith,Speaker,3,645.35,2024-07-22,Central
867,Jane Garcia,Headphones,3,115.89,2024-07-10,West
868,Jane Johnson,Keyboard,3,204.63,2024-09-07,South
869,Bob Smith,Mouse,6,533.27,2024-08-20,North
870,Diana Williams,Phone,8,81.75,2024-11-22,West
871,Diana Brown,Mouse,5,489.06,2024-04-11,Central
872,Alice Johnson,Phone,10,495.82,2024-09-13,East
873,Eve Brown,Laptop,3,82.99,2024-12-28,Central
874,Alice Davis,Phone,4,667.61,2024-06-25,West
875,Frank Williams,Headphones,8,653.40,2024-12-14,South
876,Eve Johnson,Headphones,6,537.18,2024-01-15,East
877,Alice Brown,Speaker,4,788.28,2024-11-16,Central
878,Jane Garcia,Speaker,2,815.78,2024-09-17,North
879,Eve Miller,Keyboard,7,976.78,2024-10-25,East
880,Charlie Williams,Keyboard,7,41.58,2024-03-08,West
881,Frank Miller,Headphones,10,483.62,2024-09-18,Central
882,Charlie Jones,Headphones,7,564.76,2024-01-25,Central
883,Diana Garcia,Monitor,5,724.28,2024-09-24,Central
884,Frank Davis,Headphones,2,292.57,2024-01-11,East
885,Charlie Williams,Tablet,7,177.10,2024-05-06,West
886,John Brown,Phone,2,547.13,2024-03-08,South
887,Eve Smith,Phone,8,717.40,2024-12-09,North
888,Eve Brown,Laptop,5,429.30,2024-06-06,Central
889,Bob Miller,Monitor,5,199.07,2024-06-28,East
890,Bob Garcia,Speaker,1,723.43,2024-05-09,East
891,John Smith,Phone,10,85.68,2024-06-26,Central
892,Diana Miller,Headphones,1,579.63,2024-08-12,South
893,Bob Jones,Headphones,1,487.38,2024-05-19,East
894,Frank Miller,Laptop,10,57.81,2024-04-10,Central
895,Frank Brown,Headphones,9,309.57,2024-12-08,South
896,Alice Johnson,Keyboard,10,11.79,2024-08-12,West
897,Diana Johnson,Laptop,8,589.80,2024-02-06,East
898,Diana Davis,Speaker,9,828.15,2024-09-18,Central
899,Frank Williams,Mouse,9,10.70,2024-01-09,West
900,Alice Williams,Headphones,9,446.81,2024-11-05,North
901,Alice Brown,Keyboard,1,556.24,2024-01-25,West
902,Eve Williams,Phone,5,669.84,2024-11-17,East
903,Diana Smith,Headphones,1,601.41,2024-07-01,West
904,Charlie Jones,Headphones,1,172.37,2024-07-01,South
905,Charlie Williams,Speaker,3,26.20,2024-07-28,Central
906,Bob Miller,Speaker,6,625.57,2024-06-14,East
907,Alice Brown,Phone,6,56.12,2024-02-07,West
908,Jane Garcia,Phone,9,102.33,2024-12-04,East
909,Eve Garcia,Speaker,4,133.71,2024-01-13,Central
910,Alice Williams,Keyboard,8,132.42,2024-12-26,West
911,Bob Jones,Keyboard,3,509.55,2024-03-27,Central
912,Frank Brown,Laptop,6,44.79,2024-03-10,South
913,Diana Davis,Mouse,8,469.12,2024-04-08,South
914,Eve Brown,Headphones,8,674.09,2024-05-11,South
915,Diana Miller,Headphones,8,573.86,2024-08-22,East
916,Frank Williams,Tablet,2,135.17,2024-05-25,North
917,Charlie Williams,Keyboard,6,347.36,2024-10-08,South
918,Charlie Brown,Speaker,8,822.29,2024-06-28,South
919,John Jones,Tablet,2,602.66,2024-09-20,North
920,John Williams,Tablet,2,359.56,2024-10-08,South
921,John Smith,Keyboard,10,640.85,2024-01-14,South
922,Eve Johnson,Mouse,9,335.76,2024-05-10,East
923,Diana Jones,Monitor,8,994.48,2024-09-05,West
924,Frank Miller,Speaker,1,775.50,2024-09-22,Central
925,Jane Brown,Laptop,6,207.12,2024-11-21,West
926,Frank Williams,Speaker,6,703.88,2024-04-11,South
927,Bob Johnson,Laptop,8,936.80,2024-10-26,Central
928,Diana Jones,Headphones,10,288.42,2024-02-06,Central
929,John Smith,Monitor,7,707.98,2024-04-24,South
930,Eve Garcia,Tablet,1,628.60,2024-12-14,East
931,Frank Brown,Mouse,1,227.50,2024-01-24,Central
932,Frank Johnson,Phone,6,310.78,2024-05-11,South
933,Diana Miller,Headphones,8,681.31,2024-12-07,North
934,Charlie Brown,Keyboard,9,384.28,2024-11-17,West
935,Bob Smith,Speaker,4,638.79,2024-10-22,South
936,Jane Miller,Keyboard,9,96.32,2024-01-28,North
937,Charlie Garcia,Tablet,2,498.90,2024-03-06,East
938,John Miller,Laptop,9,445.01,2024-02-17,West
939,Jane Brown,Headphones,4,603.43,2024-11-05,East
940,Charlie Johnson,Mouse,2,27.11,2024-08-17,Central
941,Eve Garcia,Laptop,10,849.77,2024-06-23,South
942,Frank Davis,Mouse,9,675.49,2024-01-11,South
943,Charlie Smith,Laptop,3,818.70,2024-02-05,South
944,Bob Brown,Keyboard,10,224.65,2024-02-02,West
945,Alice Brown,Monitor,5,453.20,2024-04-01,Central
946,Charlie Brown,Phone,7,257.01,2024-09-20,West
947,Bob Garcia,Monitor,8,82.76,2024-08-18,East
948,Jane Brown,Speaker,5,645.68,2024-08-27,Central
949,Eve Jones,Keyboard,9,843.40,2024-06-03,West
950,Frank Johnson,Keyboard,4,531.25,2024-11-12,East
951,Frank Smith,Speaker,8,836.52,2024-09-02,West
952,Charlie Miller,Headphones,1,742.52,2024-05-02,South
953,Diana Johnson,Speaker,1,514.00,2024-04-08,West
954,Alice Jones,Keyboard,1,249.03,2024-04-12,East
955,Bob Williams,Keyboard,5,974.71,2024-10-22,East
956,Frank Davis,Keyboard,6,524.15,2024-06-27,Central
957,Eve Smith,Speaker,9,806.29,2024-06-11,North
958,Jane Brown,Headphones,3,723.82,2024-04-21,East
959,Charlie Davis,Phone,9,338.62,2024-07-20,East
960,Diana Davis,Keyboard,8,737.77,2024-04-21,West
961,Charlie Jones,Speaker,9,120.19,2024-04-11,East
962,Eve Brown,Monitor,3,211.16,2024-05-05,East
963,Alice Johnson,Keyboard,3,940.76,2024-11-02,East
964,Frank Williams,Phone,10,101.81,2024-04-06,North
965,Charlie Miller,Mouse,6,552.87,2024-08-21,Central
966,Eve Williams,Monitor,9,687.65,2024-10-25,West
967,Alice Garcia,Phone,8,717.27,2024-12-15,Central
968,Frank Jones,Tablet,3,903.30,2024-08-11,West
969,Charlie Smith,Mouse,5,123.64,2024-12-27,North
970,Frank Williams,Headphones,7,998.25,2024-08-05,West
971,Bob Davis,Monitor,4,502.40,2024-02-26,North
972,Eve Johnson,Keyboard,7,892.60,2024-06-26,East
973,John Johnson,Laptop,3,726.24,2024-12-19,South
974,Eve Miller,Speaker,5,621.68,2024-02-07,North
975,Diana Miller,Mouse,2,196.60,2024-10-19,North
976,Jane Brown,Monitor,3,92.85,2024-09-18,South
977,Alice Smith,Phone,6,987.17,2024-01-25,South
978,John Brown,Headphones,4,837.09,2024-06-25,West
979,Eve Garcia,Phone,3,279.52,2024-02-25,Central
980,Charlie Smith,Mouse,6,763.52,2024-04-26,West
981,Eve Davis,Laptop,10,769.20,2024-08-09,North
982,Diana Brown,Mouse,2,561.84,2024-06-04,West
983,Alice Davis,Headphones,8,832.57,2024-03-23,South
984,Bob Williams,Laptop,3,248.33,2024-05-25,East
985,Jane Brown,Tablet,5,426.66,2024-07-21,Central
986,Frank Brown,Mouse,8,588.15,2024-07-10,North
987,Alice Smith,Phone,9,494.81,2024-04-22,West
988,Charlie Johnson,Laptop,8,74.10,2024-03-23,South
989,Bob Williams,Speaker,3,525.13,2024-03-06,South
990,Charlie Jones,Headphones,9,565.87,2024-07-01,Central
991,Eve Smith,Phone,7,801.75,2024-07-08,West
992,Eve Williams,Speaker,6,464.57,2024-06-09,South
993,Charlie Johnson,Headphones,4,143.09,2024-03-06,North
994,Charlie Williams,Monitor,7,587.67,2024-01-22,East
995,Bob Williams,Monitor,7,881.26,2024-01-07,North
996,Eve Davis,Headphones,1,321.97,2024-03-26,Central
997,Jane Jones,Keyboard,4,410.05,2024-07-22,Central
998,Alice Johnson,Laptop,3,663.26,2024-05-03,Central
999,Bob Smith,Mouse,7,851.46,2024-10-18,South
1000,Charlie Williams,Monitor,4,806.45,2024-08-25,South
